City_ID,City,Country,Date,Lat,Lng,Max Temp,Humidity,Cloudiness,Wind Speed
0,Mount Isa,AU,2021-03-19 18:17:54,-20.7333,139.5,78.8,50,98,5.75
1,Sao Filipe,CV,2021-03-19 18:19:49,14.8961,-24.4956,74.73,68,0,6.33
2,Kamsack,CA,2021-03-19 18:19:49,51.5667,-101.9009,44.6,70,1,13.8
3,Moron,AR,2021-03-19 18:19:49,-34.6534,-58.6198,75.99,51,50,5.01
4,Koslan,RU,2021-03-19 18:19:50,63.4564,48.8989,13.86,96,99,4.88
5,Punta Arenas,CL,2021-03-19 18:19:50,-53.15,-70.9167,50.0,71,75,19.57
6,Yaan,NG,2021-03-19 18:19:50,7.3833,8.5667,84.51,52,77,10.85
7,Surt,LY,2021-03-19 18:19:51,31.2089,16.5887,65.91,66,14,15.82
8,Port Lincoln,AU,2021-03-19 18:19:51,-34.7333,135.8667,67.5,75,18,14.16
9,Cabo San Lucas,MX,2021-03-19 18:19:51,22.8909,-109.9124,80.01,56,1,4.61
10,Yeniseysk,RU,2021-03-19 18:19:51,58.4497,92.1703,25.0,90,100,9.24
11,Busselton,AU,2021-03-19 18:19:52,-33.65,115.3333,71.8,50,95,6.87
12,Sanson,NZ,2021-03-19 18:19:52,-40.2167,175.4167,46.0,88,0,4.59
13,Ushuaia,AR,2021-03-19 18:15:02,-54.8,-68.3,53.6,47,75,11.5
14,Muzhi,RU,2021-03-19 18:19:53,65.3667,64.6667,-14.3,98,97,8.79
15,Tilichiki,RU,2021-03-19 18:19:53,60.4667,166.1,-6.72,95,100,9.86
16,Vao,NC,2021-03-19 18:19:53,-22.6667,167.4833,76.17,78,100,22.53
17,Kaitangata,NZ,2021-03-19 18:19:54,-46.2817,169.8464,48.61,89,80,8.55
18,Hofn,IS,2021-03-19 18:19:54,64.2539,-15.2082,46.4,93,90,20.71
19,Rikitea,PF,2021-03-19 18:19:54,-23.1203,-134.9692,80.58,76,100,12.64
20,Port Hardy,CA,2021-03-19 18:19:54,50.6996,-127.4199,46.4,81,75,16.11
21,Khatanga,RU,2021-03-19 18:19:55,71.9667,102.5,-31.14,98,100,2.98
22,Bethel,US,2021-03-19 18:19:55,41.3712,-73.414,37.0,40,85,1.01
23,Heinola,FI,2021-03-19 18:19:55,61.2056,26.0381,17.6,57,0,3.44
24,Halifax,CA,2021-03-19 18:19:30,44.6453,-63.5724,19.99,86,100,14.97
25,Codrington,AU,2021-03-19 18:19:56,-38.2667,141.9667,56.98,94,0,8.37
26,Leningradskiy,RU,2021-03-19 18:19:56,69.3833,178.4167,-22.49,82,17,1.83
27,Kapaa,US,2021-03-19 18:19:56,22.0752,-159.319,69.8,78,90,20.71
28,Chokurdakh,RU,2021-03-19 18:19:56,70.6333,147.9167,-16.17,79,99,8.86
29,Vardo,NO,2021-03-19 18:19:57,70.3705,31.1107,23.0,93,75,46.04
30,Bambous Virieux,MU,2021-03-19 18:19:57,-20.3428,57.7575,77.0,88,40,8.05
31,New Norfolk,AU,2021-03-19 18:19:57,-42.7826,147.0587,54.0,71,1,1.79
32,Bonthe,SL,2021-03-19 18:19:58,7.5264,-12.505,82.89,65,18,12.75
33,Ponta Do Sol,PT,2021-03-19 18:19:58,32.6667,-17.1,62.6,55,40,17.27
34,Hobart,AU,2021-03-19 18:19:58,-42.8794,147.3294,54.0,93,3,8.05
35,Abnub,EG,2021-03-19 18:19:58,27.2696,31.1511,71.6,35,0,11.5
36,Jamestown,US,2021-03-19 18:19:59,42.097,-79.2353,39.0,29,1,13.42
37,Boa Vista,BR,2021-03-19 18:19:59,2.8197,-60.6733,89.6,43,75,10.36
38,Qaanaaq,GL,2021-03-19 18:20:00,77.484,-69.3632,-4.86,75,100,1.45
39,Medianeira,BR,2021-03-19 18:20:00,-25.2953,-54.0939,91.4,70,40,3.44
40,High Level,CA,2021-03-19 18:20:00,58.5169,-117.136,32.0,93,90,4.61
41,Flinders,AU,2021-03-19 18:20:01,-34.5833,150.8552,70.0,89,100,4.0
42,Los Llanos De Aridane,ES,2021-03-19 18:20:01,28.6585,-17.9182,66.2,63,20,20.71
43,Lumphat,KH,2021-03-19 18:20:02,13.4878,106.9816,80.55,59,70,5.66
44,Saldanha,ZA,2021-03-19 18:20:02,-33.0117,17.9442,62.6,72,52,9.22
45,Dunedin,NZ,2021-03-19 18:20:02,-45.8742,170.5036,54.0,80,93,4.0
46,Dikson,RU,2021-03-19 18:20:03,73.5069,80.5464,-30.33,91,49,4.03
47,Provideniya,RU,2021-03-19 18:20:03,64.3833,-173.3,-10.64,96,32,14.83
48,Kindu,CD,2021-03-19 18:20:03,-2.95,25.95,77.22,77,90,1.36
49,Longyearbyen,SJ,2021-03-19 18:20:04,78.2186,15.6401,32.0,69,75,12.66
50,Porto-Vecchio,FR,2021-03-19 18:20:04,41.591,9.2795,44.6,81,90,11.5
51,Pisco,PE,2021-03-19 18:20:05,-13.7,-76.2167,79.0,69,0,9.22
52,Shuiji,CN,2021-03-19 18:20:05,27.4214,118.345,66.04,96,0,2.91
53,Saint George,US,2021-03-19 18:15:43,37.1041,-113.5841,64.99,39,0,1.01
54,Cidreira,BR,2021-03-19 18:19:10,-30.1811,-50.2056,76.05,66,49,10.69
55,Sitka,US,2021-03-19 18:20:05,57.0531,-135.33,33.8,69,75,13.8
56,Scarborough,GB,2021-03-19 18:20:05,54.2797,-0.4044,44.01,94,99,1.99
57,Saint-Francois,FR,2021-03-19 18:20:06,46.4154,3.9054,37.99,87,90,10.36
58,Hernani,ES,2021-03-19 18:20:06,43.2662,-1.9762,51.8,62,75,11.5
59,Vaini,TO,2021-03-19 18:20:06,-21.2,-175.2,77.0,94,40,4.61
60,Saint-Philippe,RE,2021-03-19 18:20:07,-21.3585,55.7679,78.8,83,75,13.8
61,Slatina,RO,2021-03-19 18:20:07,44.4333,24.3667,42.01,52,0,9.22
62,Torbay,CA,2021-03-19 18:20:07,47.6666,-52.7314,42.01,87,90,36.82
63,Victoria,HK,2021-03-19 18:18:11,22.2855,114.1577,75.0,88,4,1.01
64,Puri,IN,2021-03-19 18:16:24,19.8,85.85,78.96,76,59,12.71
65,Yarmouth,US,2021-03-19 18:20:08,41.7057,-70.2286,33.01,51,40,12.66
66,Kavieng,PG,2021-03-19 18:20:08,-2.5744,150.7967,82.6,74,50,10.6
67,Jinchang,CN,2021-03-19 18:20:08,38.4953,102.1739,30.69,58,38,2.01
68,Warri,NG,2021-03-19 18:20:09,5.5167,5.75,76.12,85,100,4.25
69,Butaritari,KI,2021-03-19 18:15:15,3.0707,172.7902,81.01,79,100,11.88
70,Rawson,AR,2021-03-19 18:17:14,-43.3002,-65.1023,80.58,21,0,15.86
71,Bubaque,GW,2021-03-19 18:20:09,11.2833,-15.8333,76.55,70,0,18.72
72,Souillac,MU,2021-03-19 18:20:10,-20.5167,57.5167,77.0,88,40,8.05
73,Atuona,PF,2021-03-19 18:17:49,-9.8,-139.0333,80.15,78,75,14.38
74,Tuktoyaktuk,CA,2021-03-19 18:20:10,69.4541,-133.0374,-16.6,76,20,10.36
75,Shahr-E Kord,IR,2021-03-19 18:20:10,32.3256,50.8644,44.6,21,0,4.61
76,Alta Floresta,BR,2021-03-19 18:20:11,-9.8756,-56.0861,78.8,94,40,3.44
77,Faya,SA,2021-03-19 18:20:11,18.3851,42.4509,66.2,77,0,2.66
78,Husavik,IS,2021-03-19 18:20:11,66.0449,-17.3389,50.0,57,40,12.66
79,Narsaq,GL,2021-03-19 18:20:12,60.9167,-46.05,30.2,40,75,11.5
80,Vestmannaeyjar,IS,2021-03-19 18:20:12,63.4427,-20.2734,46.4,87,75,20.71
81,Kahului,US,2021-03-19 18:15:43,20.8947,-156.47,71.6,68,20,12.66
82,Quatre Cocos,MU,2021-03-19 18:20:12,-20.2078,57.7625,77.0,88,40,8.05
83,Tramandai,BR,2021-03-19 18:16:11,-29.9847,-50.1336,76.62,67,58,10.89
84,Mataura,NZ,2021-03-19 18:20:13,-46.1927,168.8643,52.0,87,84,1.99
85,Ust-Koksa,RU,2021-03-19 18:20:13,50.2696,85.6108,12.31,74,10,2.08
86,Naze,JP,2021-03-19 18:20:13,28.3667,129.4833,66.67,87,51,11.18
87,Sretensk,RU,2021-03-19 18:20:13,52.2453,117.7093,13.87,92,100,1.66
88,Biak,ID,2021-03-19 18:20:14,-0.9131,122.8766,77.32,77,97,2.24
89,Rovaniemi,FI,2021-03-19 18:20:14,66.5,25.7167,19.4,73,20,25.32
90,Beloha,MG,2021-03-19 18:20:14,-25.1667,45.05,77.94,74,16,5.84
91,Yellowknife,CA,2021-03-19 18:20:15,62.456,-114.3525,25.0,58,75,13.8
92,Ostrovnoy,RU,2021-03-19 18:20:15,68.0531,39.5131,11.19,89,56,23.53
93,Yumen,CN,2021-03-19 18:20:15,40.2833,97.2,28.2,29,0,4.83
94,Hermanus,ZA,2021-03-19 18:20:16,-34.4187,19.2345,66.0,72,100,3.0
95,Port Alfred,ZA,2021-03-19 18:17:17,-33.5906,26.891,68.32,84,97,13.53
96,Bluff,NZ,2021-03-19 18:20:16,-46.6,168.3333,52.0,87,95,1.99
97,Pevek,RU,2021-03-19 18:20:16,69.7008,170.3133,-21.51,91,96,1.83
98,Mar Del Plata,AR,2021-03-19 18:19:16,-38.0023,-57.5575,71.6,46,0,13.8
99,Limbe,CM,2021-03-19 18:20:17,4.0242,9.2149,82.4,83,75,3.44
100,Severo-Kurilsk,RU,2021-03-19 18:20:17,50.6789,156.125,27.99,90,100,16.02
101,Iqaluit,CA,2021-03-19 18:20:17,63.7506,-68.5145,-11.0,64,1,23.02
102,Carnarvon,AU,2021-03-19 18:20:18,-24.8667,113.6333,77.0,83,0,9.22
103,Sangar,RU,2021-03-19 18:20:18,63.9242,127.4739,2.1,94,100,11.99
104,Tiksi,RU,2021-03-19 18:20:18,71.6872,128.8694,-19.88,92,85,11.23
105,Cape Town,ZA,2021-03-19 18:20:03,-33.9258,18.4232,69.01,68,20,14.97
106,Faanui,PF,2021-03-19 18:20:19,-16.4833,-151.75,81.84,70,22,5.7
107,Hilo,US,2021-03-19 18:20:19,19.7297,-155.09,70.0,78,40,7.2
108,Poquoson,US,2021-03-19 18:20:19,37.1224,-76.3458,45.0,52,75,19.57
109,Laguna,US,2021-03-19 18:16:25,38.421,-121.4238,59.0,94,75,4.61
110,Nieves,PH,2021-03-19 18:20:20,15.3274,120.9485,77.0,94,75,2.3
111,Krasnoselkup,RU,2021-03-19 18:20:20,65.7,82.4667,-15.16,94,8,10.92
112,Vallenar,CL,2021-03-19 18:20:21,-28.5708,-70.7581,78.19,37,51,14.03
113,Sinnamary,GF,2021-03-19 18:20:21,5.3833,-52.95,81.54,67,48,8.34
114,Zhangye,CN,2021-03-19 18:20:21,38.9342,100.4517,30.78,38,8,2.73
115,Tasiilaq,GL,2021-03-19 18:20:21,65.6145,-37.6368,30.2,64,1,5.75
116,Chincholi,IN,2021-03-19 18:20:22,17.4667,77.4333,78.17,34,28,6.42
117,San Ramon De La Nueva Oran,AR,2021-03-19 18:16:35,-23.1322,-64.326,73.99,77,74,1.01
118,Hithadhoo,MV,2021-03-19 18:20:22,-0.6,73.0833,82.8,74,99,11.97
119,Castro,BR,2021-03-19 18:20:22,-24.7911,-50.0119,74.89,75,51,6.58
120,Skelleftea,SE,2021-03-19 18:20:23,64.7507,20.9528,28.99,50,0,10.36
121,Albany,US,2021-03-19 18:16:23,42.6001,-73.9662,37.99,20,16,3.0
122,Kiruna,SE,2021-03-19 18:19:02,67.8557,20.2251,30.2,80,90,23.02
123,Koungou,YT,2021-03-19 18:20:23,-12.7336,45.2042,80.6,89,0,3.44
124,Cottonwood Heights,US,2021-03-19 18:15:30,40.6197,-111.8102,64.0,41,1,18.41
125,Isangel,VU,2021-03-19 18:20:23,-19.55,169.2667,69.8,94,20,11.41
126,Asfi,MA,2021-03-19 18:20:24,32.2994,-9.2372,60.85,63,0,16.73
127,East London,ZA,2021-03-19 18:20:24,-33.0153,27.9116,66.2,94,75,2.3
128,Redcar,GB,2021-03-19 18:20:24,54.6166,-1.06,44.01,95,100,5.01
129,Port Elizabeth,ZA,2021-03-19 18:20:25,-33.918,25.5701,68.0,73,90,6.91
130,Chivay,PE,2021-03-19 18:20:25,-15.6383,-71.6011,52.86,71,80,11.74
131,Kungurtug,RU,2021-03-19 18:20:25,50.5994,97.5228,2.34,90,15,1.61
132,Hengshui,CN,2021-03-19 18:20:25,37.7322,115.7011,40.51,82,99,2.39
133,Avera,US,2021-03-19 18:20:26,33.194,-82.5271,64.4,45,75,6.91
134,Ribeira Grande,PT,2021-03-19 18:20:26,38.5167,-28.7,62.6,77,75,16.11
135,Cherskiy,RU,2021-03-19 18:20:26,68.75,161.3,-33.07,99,0,1.9
136,Thompson,CA,2021-03-19 18:20:26,55.7435,-97.8558,50.0,40,75,6.91
137,High Prairie,CA,2021-03-19 18:20:27,55.4334,-116.4858,46.4,42,95,11.5
138,Khandyga,RU,2021-03-19 18:20:27,62.6667,135.6,1.27,93,100,6.55
139,Waddan,LY,2021-03-19 18:20:27,29.1614,16.139,76.15,18,0,9.75
140,Gao,ML,2021-03-19 18:20:17,16.6362,1.637,89.13,8,19,8.63
141,Mahebourg,MU,2021-03-19 18:20:28,-20.4081,57.7,77.0,88,40,8.05
142,Puerto Ayora,EC,2021-03-19 18:20:28,-0.7393,-90.3518,84.2,74,20,9.22
143,Povorino,RU,2021-03-19 18:20:28,51.1945,42.2457,28.02,94,99,6.96
144,Mazatlan,MX,2021-03-19 18:20:14,23.2167,-106.4167,77.0,53,1,9.22
145,Nikolskoye,RU,2021-03-19 18:20:28,59.7035,30.7861,17.01,73,0,4.47
146,Bredasdorp,ZA,2021-03-19 18:20:29,-34.5322,20.0403,66.2,72,100,4.61
147,Kismayo,SO,2021-03-19 18:20:29,-0.3582,42.5454,79.65,81,74,16.64
148,Koutiala,ML,2021-03-19 18:20:29,12.3917,-5.4642,97.65,9,2,5.35
149,Sierra Vista,US,2021-03-19 18:17:59,31.5545,-110.3037,72.0,11,1,5.39
150,Grindavik,IS,2021-03-19 18:20:30,63.8424,-22.4338,41.0,100,75,21.85
151,Quang Ngai,VN,2021-03-19 18:20:30,15.1167,108.8,72.45,94,4,3.89
152,Santarem,BR,2021-03-19 18:20:30,-2.4431,-54.7083,82.4,83,75,4.61
153,Lefka,CY,2021-03-19 18:20:30,35.1106,32.8506,53.6,66,20,3.44
154,Saskylakh,RU,2021-03-19 18:20:31,71.9167,114.0833,-32.84,98,0,4.23
155,Aswan,EG,2021-03-19 18:20:31,24.0934,32.907,78.48,13,0,8.41
156,Mendi,PG,2021-03-19 18:20:31,-6.1761,143.6513,53.67,93,100,2.33
157,Aksay,RU,2021-03-19 18:20:31,47.26,39.87,39.99,87,75,4.47
158,Muros,ES,2021-03-19 18:20:32,42.7762,-9.0603,57.0,70,46,5.01
159,Abha,SA,2021-03-19 18:20:32,18.2164,42.5053,66.2,77,0,2.17
160,Genhe,CN,2021-03-19 18:20:32,50.7833,121.5167,15.82,96,90,2.46
161,Kaeo,NZ,2021-03-19 18:20:33,-35.1,173.7833,57.99,87,29,3.0
162,Port Blair,IN,2021-03-19 18:20:33,11.6667,92.75,79.86,69,3,2.57
163,Arraial Do Cabo,BR,2021-03-19 18:20:33,-22.9661,-42.0278,91.4,58,20,13.8
164,Vila Franca Do Campo,PT,2021-03-19 18:20:34,37.7167,-25.4333,60.8,77,20,12.66
165,Haines Junction,CA,2021-03-19 18:20:34,60.7522,-137.5108,10.4,56,100,13.8
166,Bardiyah,LY,2021-03-19 18:20:34,31.7561,25.0865,64.83,62,79,17.83
167,Nakusp,CA,2021-03-19 18:20:34,50.2499,-117.8023,46.4,87,98,2.3
168,Olafsvik,IS,2021-03-19 18:20:35,64.8945,-23.7142,37.63,92,97,20.58
169,Inuvik,CA,2021-03-19 18:20:35,68.3499,-133.7218,-13.0,70,100,4.61
170,Lebu,CL,2021-03-19 18:20:35,-37.6167,-73.65,61.0,70,54,11.95
171,Tual,ID,2021-03-19 18:20:36,-5.6667,132.75,83.84,67,53,7.72
172,Rondonopolis,BR,2021-03-19 18:20:36,-16.4708,-54.6356,81.27,82,97,6.93
173,Sobolevo,RU,2021-03-19 18:20:36,54.4299,31.8996,27.81,84,99,4.65
174,Canete,CL,2021-03-19 18:20:37,-37.8,-73.4,62.08,72,45,5.79
175,Pyshma,RU,2021-03-19 18:20:37,56.9523,63.2513,24.55,96,100,5.7
176,Mugur-Aksy,RU,2021-03-19 18:20:37,50.35,90.5,0.88,56,0,4.94
177,Peniche,PT,2021-03-19 18:20:37,39.3558,-9.3811,57.99,73,49,11.01
178,Paita,PE,2021-03-19 18:20:38,-5.0892,-81.1144,89.6,55,0,13.8
179,Rio Branco Do Sul,BR,2021-03-19 18:20:38,-25.19,-49.3142,71.6,73,75,8.05
180,Barrow,US,2021-03-19 18:15:49,71.2906,-156.7887,-5.8,71,90,5.75
181,Pula,HR,2021-03-19 18:20:38,44.8683,13.8481,41.0,52,0,3.44
182,Krasnaya Poyma,RU,2021-03-19 18:20:39,55.0014,39.08,30.99,78,100,5.77
183,Alofi,NU,2021-03-19 18:20:24,-19.0595,-169.9187,75.2,100,100,2.3
184,Luanda,AO,2021-03-19 18:20:39,-8.8368,13.2343,82.4,78,75,11.5
185,Praia,CV,2021-03-19 18:20:39,14.9215,-23.5087,75.2,64,0,18.41
186,Talnakh,RU,2021-03-19 18:20:40,69.4865,88.3972,-28.43,93,22,9.71
187,Tuatapere,NZ,2021-03-19 18:20:40,-46.1333,167.6833,52.0,87,92,1.99
188,Caravelas,BR,2021-03-19 18:20:40,-17.7125,-39.2481,83.8,61,45,8.95
189,Maniitsoq,GL,2021-03-19 18:20:40,65.4167,-52.9,25.02,83,100,15.7
190,Kapoeta,SS,2021-03-19 18:20:41,4.7717,33.5903,76.91,73,80,4.97
191,Mamallapuram,IN,2021-03-19 18:20:41,12.6264,80.1722,75.2,88,20,4.72
192,Tirat Karmel,IL,2021-03-19 18:20:41,32.7617,34.9719,60.8,63,0,5.75
193,Hualmay,PE,2021-03-19 18:20:42,-11.0964,-77.6139,77.04,64,93,10.92
194,Zhicheng,CN,2021-03-19 18:20:42,30.2956,111.5047,46.0,91,89,3.49
195,Berlevag,NO,2021-03-19 18:20:42,70.8578,29.0864,24.8,80,40,42.57
196,Geraldton,AU,2021-03-19 18:20:42,-28.7667,114.6,68.0,52,0,1.14
197,Usinsk,RU,2021-03-19 18:20:43,65.9939,57.5281,-8.43,91,73,10.85
198,Mahina,PF,2021-03-19 18:18:09,-17.5065,-149.489,82.4,74,40,1.14
199,Balgazyn,RU,2021-03-19 18:20:43,51.0,95.2,8.46,84,0,2.55
200,Dutlwe,BW,2021-03-19 18:20:43,-23.9833,23.9,76.59,35,25,2.46
201,Victor Harbor,AU,2021-03-19 18:20:44,-35.5667,138.6167,64.99,84,9,2.77
202,Phalia,PK,2021-03-19 18:20:44,32.4297,73.5775,69.98,30,0,4.79
203,Mount Gambier,AU,2021-03-19 18:20:44,-37.8333,140.7667,59.0,88,0,9.22
204,Lokosovo,RU,2021-03-19 18:20:44,61.1333,74.8167,26.22,96,100,4.72
205,Jiaojiang,CN,2021-03-19 18:16:23,28.6803,121.4428,62.01,97,60,1.21
206,Saint-Augustin,CA,2021-03-19 18:16:15,51.226,-58.6502,21.88,84,65,13.22
207,Biu,NG,2021-03-19 18:20:45,10.6129,12.1946,85.93,27,79,3.85
208,Mari-Turek,RU,2021-03-19 18:20:45,56.7895,49.6235,24.91,91,99,11.83
209,Pangody,RU,2021-03-19 18:20:45,65.85,74.4859,-18.02,97,16,9.4
210,Mosquera,CO,2021-03-19 18:20:46,4.7059,-74.2302,69.8,56,40,11.5
211,Araouane,ML,2021-03-19 18:20:46,18.9048,-3.5265,87.62,7,0,9.19
212,Ugoofaaru,MV,2021-03-19 18:20:46,5.6667,73.0,82.72,68,40,4.68
213,Estacion Coahuila,MX,2021-03-19 18:20:46,32.1939,-115.0017,75.99,18,1,3.29
214,Kabalo,CD,2021-03-19 18:20:47,-6.05,26.9167,74.62,83,62,2.37
215,Kodiak,US,2021-03-19 18:20:47,57.79,-152.4072,21.2,45,1,5.75
216,Ponta Delgada,PT,2021-03-19 18:20:47,37.7333,-25.6667,60.8,77,20,12.66
217,Aloleng,PH,2021-03-19 18:20:48,16.1307,119.7824,80.51,77,60,2.01
218,Berck,FR,2021-03-19 18:20:48,50.4,1.6,42.8,70,0,10.36
219,Georgetown,MY,2021-03-19 18:20:48,5.4112,100.3354,82.99,61,20,2.3
220,Brae,GB,2021-03-19 18:20:49,60.3964,-1.353,44.6,93,75,12.66
221,Avarua,CK,2021-03-19 18:20:49,-21.2078,-159.775,80.6,78,20,5.75
222,Russell,US,2021-03-19 18:20:49,32.3502,-85.1999,57.2,54,90,10.36
223,Ormara,PK,2021-03-19 18:20:49,25.2088,64.6357,76.03,71,0,9.42
224,Kununurra,AU,2021-03-19 18:20:50,-15.7667,128.7333,75.2,100,75,4.61
225,Sao Joao Da Barra,BR,2021-03-19 18:20:50,-21.6403,-41.0511,87.8,55,0,13.8
226,Antofagasta,CL,2021-03-19 18:20:50,-23.65,-70.4,71.6,56,20,13.8
227,Aitape,PG,2021-03-19 18:20:50,-3.1374,142.3475,78.04,82,94,3.49
228,Havoysund,NO,2021-03-19 18:20:51,70.9963,24.6622,39.2,87,75,29.93
229,Vestmanna,FO,2021-03-19 18:20:51,62.1564,-7.1664,46.4,93,75,13.8
230,Astoria,US,2021-03-19 18:20:51,46.1879,-123.8313,52.0,66,75,16.11
231,Barra Do Garcas,BR,2021-03-19 18:20:52,-15.89,-52.2567,78.8,83,75,3.44
232,Irbeyskoye,RU,2021-03-19 18:20:52,55.6428,95.4522,12.69,85,56,6.71
233,Arlit,NE,2021-03-19 18:20:52,18.7369,7.3853,90.64,9,35,7.49
234,Vostok,RU,2021-03-19 18:20:53,46.4856,135.8833,13.21,94,28,3.76
235,Coos Bay,US,2021-03-19 18:20:53,43.3665,-124.2179,48.0,93,90,9.22
236,Batemans Bay,AU,2021-03-19 18:20:53,-35.7167,150.1833,68.0,80,100,4.0
237,Grand Gaube,MU,2021-03-19 18:20:54,-20.0064,57.6608,77.0,83,15,5.01
238,Oyama,JP,2021-03-19 18:18:06,36.3,139.8,55.99,75,40,4.61
239,Changji,CN,2021-03-19 18:20:54,44.0167,87.3167,26.6,80,0,4.47
240,Luderitz,NA,2021-03-19 18:20:54,-26.6481,15.1594,68.54,64,67,21.72
241,Fortuna,US,2021-03-19 18:20:55,40.5982,-124.1573,53.01,87,75,6.91
242,Hamilton,US,2021-03-19 18:20:55,39.1834,-84.5333,48.99,37,1,14.97
243,Riyadh,SA,2021-03-19 18:18:50,24.6877,46.7219,82.4,21,0,8.05
244,Lata,PT,2021-03-19 18:20:55,40.1629,-8.3327,62.01,80,50,3.0
245,Innisfail,AU,2021-03-19 18:20:56,-17.5333,146.0333,75.34,87,97,2.98
246,Petrykivka,UA,2021-03-19 18:20:56,48.7298,34.6351,33.8,75,0,6.71
247,Bengkulu,ID,2021-03-19 18:20:56,-3.8004,102.2655,76.3,91,98,5.95
248,Tazovskiy,RU,2021-03-19 18:20:57,67.4667,78.7,-25.08,87,0,7.45
249,Yatou,CN,2021-03-19 18:20:57,37.15,122.3833,45.16,60,100,2.24
250,Papara,BR,2021-03-19 18:20:57,-3.9839,-38.7273,86.0,62,20,16.11
251,Hokota,JP,2021-03-19 18:20:57,36.15,140.5167,42.8,75,40,4.61
252,Port Augusta,AU,2021-03-19 18:20:58,-32.5,137.7667,71.01,78,51,6.91
253,Braniewo,PL,2021-03-19 18:20:59,54.3797,19.8196,28.15,72,4,13.04
254,Viedma,AR,2021-03-19 18:20:31,-40.8135,-62.9967,78.44,26,0,20.54
255,Carutapera,BR,2021-03-19 18:20:59,-1.195,-46.02,83.12,72,95,4.52
256,Katsuura,JP,2021-03-19 18:20:59,35.1333,140.3,53.6,66,75,11.5
257,Esperance,AU,2021-03-19 18:20:59,-33.8667,121.9,62.6,88,0,12.66
258,Santa Isabel Do Rio Negro,BR,2021-03-19 18:21:00,-0.4139,-65.0192,85.57,75,86,3.6
259,Jvari,GE,2021-03-19 18:21:00,42.7169,42.052,41.0,93,90,5.75
260,Wuwei,CN,2021-03-19 18:21:00,37.9281,102.6414,30.81,59,50,4.41
261,Chegdomyn,RU,2021-03-19 18:20:25,51.1167,133.0167,13.41,89,20,1.16
262,Raudeberg,NO,2021-03-19 18:21:01,61.9875,5.1352,44.01,85,96,21.07
263,Akhisar,TR,2021-03-19 18:16:14,38.9185,27.8401,46.99,96,100,1.72
264,Anadyr,RU,2021-03-19 18:21:01,64.75,177.4833,-22.0,76,0,8.95
265,Port-Gentil,GA,2021-03-19 18:21:01,-0.7193,8.7815,78.8,89,75,12.66
266,Chernyshevskiy,RU,2021-03-19 18:21:02,63.0128,112.4714,0.93,97,69,5.21
267,Ulaanbaatar,MN,2021-03-19 18:21:02,47.9077,106.8832,10.4,67,0,11.18
268,San Jeronimito,MX,2021-03-19 18:21:02,17.55,-101.3333,86.0,66,75,7.96
269,Fairbanks,US,2021-03-19 18:20:02,64.8378,-147.7164,1.99,78,90,1.95
270,Trofors,NO,2021-03-19 18:21:03,65.5333,13.4063,32.0,93,75,2.3
271,Nuuk,GL,2021-03-19 18:21:03,64.1835,-51.7216,32.0,51,75,6.91
272,Lompoc,US,2021-03-19 18:20:22,34.6391,-120.4579,64.4,63,90,6.91
273,Quzhou,CN,2021-03-19 18:21:03,28.9594,118.8686,58.77,96,87,1.05
274,Vila Velha,BR,2021-03-19 18:21:04,-20.3297,-40.2925,84.2,65,20,16.11
275,Vaitape,PF,2021-03-19 18:17:29,-16.5167,-151.75,81.82,70,24,5.66
276,Upernavik,GL,2021-03-19 18:21:04,72.7868,-56.1549,9.64,88,100,1.39
277,Hambantota,LK,2021-03-19 18:21:04,6.1241,81.1185,78.37,72,100,5.86
278,Nanlong,CN,2021-03-19 18:21:05,31.3533,106.0631,55.76,51,100,14.23
279,Ornskoldsvik,SE,2021-03-19 18:21:05,63.2909,18.7153,26.6,68,90,11.5
280,Saint Anthony,US,2021-03-19 18:21:05,45.0205,-93.218,51.01,23,1,10.36
281,Wanning,CN,2021-03-19 18:21:06,18.8003,110.3967,73.76,94,12,5.93
282,Kinablangan,PH,2021-03-19 18:21:06,7.6947,126.5503,78.6,83,92,6.6
283,Arman,RU,2021-03-19 18:21:06,59.7,150.1667,-5.44,73,0,7.76
284,Chuy,UY,2021-03-19 18:21:07,-33.6971,-53.4616,71.38,58,0,8.5
285,Svetlyy,RU,2021-03-19 18:21:07,54.675,20.1347,30.2,64,40,11.18
286,Nanortalik,GL,2021-03-19 18:21:07,60.1432,-45.2371,31.03,81,100,18.84
287,Namatanai,PG,2021-03-19 18:21:07,-3.6667,152.4333,80.28,77,19,6.42
288,Buala,SB,2021-03-19 18:21:08,-8.145,159.5921,79.65,79,95,2.28
289,Nagai,JP,2021-03-19 18:21:08,38.1036,140.035,37.99,66,0,0.76
290,Janakpur,NP,2021-03-19 18:21:08,26.7183,85.9065,72.18,21,81,4.45
291,Kavaratti,IN,2021-03-19 18:21:09,10.5669,72.642,83.08,72,2,9.55
292,Champerico,GT,2021-03-19 18:21:09,14.3,-91.9167,84.2,61,75,9.57
293,Kudahuvadhoo,MV,2021-03-19 18:21:09,2.6708,72.8944,83.5,70,83,6.53
294,Pemangkat,ID,2021-03-19 18:21:09,1.1667,108.9667,77.4,87,71,5.64
295,Shambu,ET,2021-03-19 18:21:10,9.5667,37.1,58.84,61,65,0.78
296,Mananara,MG,2021-03-19 18:21:10,-16.1667,49.7667,76.68,91,68,2.98
297,Tabora,TZ,2021-03-19 18:16:12,-5.0167,32.8,78.8,65,20,4.88
298,Stawell,AU,2021-03-19 18:21:11,-37.05,142.7667,59.94,77,9,6.46
299,Makakilo City,US,2021-03-19 18:21:11,21.3469,-158.0858,71.6,64,1,5.75
300,Awbari,LY,2021-03-19 18:21:11,26.5921,12.7805,75.29,18,0,14.09
301,Morant Bay,JM,2021-03-19 18:21:11,17.8815,-76.4093,84.2,70,20,16.11
302,Khorinsk,RU,2021-03-19 18:21:12,52.1657,109.7726,6.33,90,39,4.14
303,Yairipok,IN,2021-03-19 18:21:12,24.6667,94.0667,60.12,37,67,1.21
304,Petropavlovsk-Kamchatskiy,RU,2021-03-19 18:20:11,53.0452,158.6483,32.0,100,90,2.24
305,Tungor,RU,2021-03-19 18:21:13,53.3808,142.9564,8.01,95,15,9.95
306,La Baule-Escoublac,FR,2021-03-19 18:21:13,47.2922,-2.364,50.0,46,0,11.5
307,Novikovo,RU,2021-03-19 18:21:13,51.1537,37.8879,31.75,85,99,5.23
308,Sorong,ID,2021-03-19 18:17:17,-0.8833,131.25,79.2,85,100,3.44
309,Dickinson,US,2021-03-19 18:21:14,29.4608,-95.0513,64.99,44,1,10.36
310,Hongjiang,CN,2021-03-19 18:21:14,27.11,109.9956,47.55,91,87,5.97
311,Sept-Iles,CA,2021-03-19 18:21:14,50.2001,-66.3821,21.2,42,6,14.97
312,Pangnirtung,CA,2021-03-19 18:21:15,66.1451,-65.7125,-13.0,70,20,3.44
313,Lere,NG,2021-03-19 18:21:15,10.387,8.5726,86.76,25,97,3.24
314,Ypsonas,CY,2021-03-19 18:21:15,34.6884,32.9574,57.2,62,20,9.22
315,Djibo,BF,2021-03-19 18:21:16,14.1022,-1.6306,92.64,9,32,5.06
316,Bahar,IR,2021-03-19 18:16:41,34.9072,48.4414,43.88,49,50,8.93
317,Tukuran,PH,2021-03-19 18:21:16,7.8551,123.5752,76.19,84,92,4.7
318,Lashio,MM,2021-03-19 18:21:16,22.9333,97.75,64.53,37,70,1.28
319,Virginia Beach,US,2021-03-19 18:18:31,36.8529,-75.978,42.01,64,100,5.99
320,Gat,IL,2021-03-19 18:18:22,31.61,34.7642,61.0,4,0,5.21
321,Gizo,SB,2021-03-19 18:21:17,-8.103,156.8419,82.11,71,53,2.84
322,Deputatskiy,RU,2021-03-19 18:21:17,69.3,139.9,-11.63,98,99,3.04
323,Banff,CA,2021-03-19 18:21:17,51.1762,-115.5698,46.4,86,56,4.61
324,Kropotkin,RU,2021-03-19 18:21:18,45.4375,40.5756,42.01,87,95,14.2
325,Kamenka,RU,2021-03-19 18:21:18,51.3223,42.7678,23.85,95,99,6.71
326,Scottsbluff,US,2021-03-19 18:21:18,41.8666,-103.6672,42.8,81,1,10.36
327,Honningsvag,NO,2021-03-19 18:21:18,70.9821,25.9704,35.6,87,75,29.93
328,Loreto,MX,2021-03-19 18:21:19,22.2667,-101.9667,72.16,22,0,2.86
329,Turayf,SA,2021-03-19 18:21:19,31.6725,38.6637,60.8,33,0,4.61
330,Korla,CN,2021-03-19 18:20:17,41.7597,86.1469,37.63,67,0,3.96
331,Toora-Khem,RU,2021-03-19 18:21:15,52.4675,96.11,7.27,91,18,1.81
332,Pathein,MM,2021-03-19 18:21:19,16.7833,94.7333,74.07,80,38,9.91
333,Bandarbeyla,SO,2021-03-19 18:21:20,9.4942,50.8122,78.19,75,32,13.09
334,Havre-Saint-Pierre,CA,2021-03-19 18:21:20,50.2334,-63.5986,19.4,38,1,16.11
335,Marawi,PH,2021-03-19 18:21:20,7.9986,124.2928,75.0,92,88,4.0
336,Xai-Xai,MZ,2021-03-19 18:21:21,-25.0519,33.6442,76.24,84,8,7.45
337,Vanimo,PG,2021-03-19 18:21:21,-2.6741,141.3028,77.49,86,25,3.38
338,Khor,RU,2021-03-19 18:21:21,47.8861,134.9464,18.88,91,0,3.36
339,Kyren,RU,2021-03-19 18:21:22,51.6828,102.1408,12.74,81,89,2.53
340,Sarkand,KZ,2021-03-19 18:21:22,45.41,79.9186,37.11,32,0,7.16
341,Coquimbo,CL,2021-03-19 18:21:22,-29.9533,-71.3436,66.2,52,75,11.5
342,Ilulissat,GL,2021-03-19 18:21:22,69.2167,-51.1,23.0,50,75,18.41
343,Dalbandin,PK,2021-03-19 18:21:23,28.8947,64.4101,76.6,19,50,8.66
344,Dalby,AU,2021-03-19 18:21:23,-27.1833,151.2667,66.99,95,98,8.37
345,Kuytun,RU,2021-03-19 18:21:23,54.3419,101.5036,11.19,92,80,4.14
346,Vila,PT,2021-03-19 18:21:24,42.0304,-8.1588,50.0,76,96,13.0
347,Opuwo,NA,2021-03-19 18:21:24,-18.0607,13.84,72.73,77,85,3.38
348,Broome,US,2021-03-19 18:21:24,42.2506,-75.833,35.01,40,1,14.97
349,Cookeville,US,2021-03-19 18:19:56,36.1628,-85.5016,46.0,70,90,11.5
350,San Antonio,US,2021-03-19 18:17:15,29.4241,-98.4936,64.99,32,1,9.22
351,Goba,ET,2021-03-19 18:21:25,7.0167,39.9833,52.02,89,81,3.18
352,Henties Bay,NA,2021-03-19 18:21:25,-22.116,14.2845,63.0,88,0,5.01
353,Verkhnyaya Inta,RU,2021-03-19 18:21:25,65.9811,60.3094,-4.13,99,82,7.78
354,Hasaki,JP,2021-03-19 18:21:25,35.7333,140.8333,42.8,93,20,9.22
355,Norman Wells,CA,2021-03-19 18:21:26,65.282,-126.8329,-4.0,71,75,20.71
356,Qobustan,AZ,2021-03-19 18:21:26,40.0824,49.412,46.4,87,20,9.22
357,Salinopolis,BR,2021-03-19 18:21:26,-0.6136,-47.3561,74.73,91,100,11.56
358,Cockburn Town,TC,2021-03-19 18:21:27,21.4612,-71.1419,78.8,61,40,11.5
359,Westport,US,2021-03-19 18:21:27,41.1415,-73.3579,39.99,37,85,4.0
360,Novyy Urengoy,RU,2021-03-19 18:21:27,66.0833,76.6333,-19.73,98,3,9.28
361,Beira,MZ,2021-03-19 18:21:27,-19.8436,34.8389,82.4,78,20,10.36
362,Iquique,CL,2021-03-19 18:21:28,-20.2208,-70.1431,75.2,53,0,13.8
363,Bridgetown,BB,2021-03-19 18:21:28,13.1,-59.6167,82.4,54,40,17.27
364,La Ronge,CA,2021-03-19 18:21:29,55.1001,-105.2842,46.4,53,60,6.91
365,Spearfish,US,2021-03-19 18:21:29,44.4908,-103.8594,55.99,41,1,9.22
366,Lorengau,PG,2021-03-19 18:21:29,-2.0226,147.2712,80.31,76,31,2.33
367,Middlebury,US,2021-03-19 18:21:29,44.0153,-73.1673,28.0,39,1,14.97
368,Amlame,TG,2021-03-19 18:21:30,7.4667,0.9,83.98,59,96,8.14
369,Novaya Igirma,RU,2021-03-19 18:21:30,57.1334,103.9112,11.55,96,82,6.73
370,Cairns,AU,2021-03-19 18:21:27,-16.9167,145.7667,75.2,88,40,8.05
371,Sola,VU,2021-03-19 18:21:30,-13.8833,167.55,81.91,75,95,11.88
372,Plouzane,FR,2021-03-19 18:21:31,48.3833,-4.6167,46.4,71,0,14.97
373,Kizhinga,RU,2021-03-19 18:21:31,51.8462,109.9097,8.01,92,3,5.14
374,Farafangana,MG,2021-03-19 18:19:20,-22.8167,47.8333,77.74,84,100,6.29
375,Bama,NG,2021-03-19 18:21:31,11.5221,13.6856,95.23,22,24,6.87
376,Ust-Omchug,RU,2021-03-19 18:21:32,61.15,149.6333,-21.87,98,0,2.59
377,Ust-Tsilma,RU,2021-03-19 18:21:32,65.441,52.1498,1.72,96,100,4.52
378,Nome,US,2021-03-19 18:21:32,64.5011,-165.4064,-18.99,69,1,3.76
379,Dhidhdhoo,MV,2021-03-19 18:21:32,6.8833,73.1,83.28,68,65,4.56
380,Tirlyanskiy,RU,2021-03-19 18:21:33,54.2109,58.5806,20.53,97,97,2.21
381,Huarmey,PE,2021-03-19 18:21:33,-10.0681,-78.1522,78.19,62,58,12.08
382,Ciudad Bolivar,VE,2021-03-19 18:21:33,8.1222,-63.5497,94.12,30,4,9.82
383,Buchanan,LR,2021-03-19 18:21:33,5.8808,-10.0467,84.2,74,20,11.5
384,Vermilion,US,2021-03-19 18:21:34,40.1667,-87.7506,45.0,42,1,14.97
385,Aykhal,RU,2021-03-19 18:21:34,66.0,111.5,-12.1,99,94,8.59
386,Alice Springs,AU,2021-03-19 18:21:34,-23.7,133.8833,69.8,64,99,6.91
387,Bambanglipuro,ID,2021-03-19 18:21:35,-7.95,110.2833,76.96,87,89,7.43
388,Baturaja,ID,2021-03-19 18:21:35,-4.1333,104.1667,73.67,96,87,2.26
389,Tomatlan,MX,2021-03-19 18:21:35,19.9333,-105.25,88.32,32,0,7.9
390,Senanga,ZM,2021-03-19 18:21:36,-16.1167,23.2667,70.18,77,20,3.69
391,Padang,ID,2021-03-19 18:21:36,-0.9492,100.3543,75.2,100,75,2.3
392,Preobrazheniye,RU,2021-03-19 18:21:36,42.9019,133.9064,33.12,69,47,2.93
393,San Quintin,MX,2021-03-19 18:21:37,30.4833,-115.95,64.76,59,0,9.82
394,Wasilla,US,2021-03-19 18:21:37,61.5814,-149.4394,10.99,78,1,3.44
395,Baykit,RU,2021-03-19 18:21:37,61.67,96.37,25.03,90,100,13.98
396,Yar-Sale,RU,2021-03-19 18:21:37,66.8333,70.8333,-18.89,99,57,9.24
397,Yulara,AU,2021-03-19 18:21:38,-25.2406,130.9889,73.4,40,100,5.75
398,Pokrovka,KG,2021-03-19 18:21:38,42.3414,78.0056,34.21,34,0,11.86
399,Yenangyaung,MM,2021-03-19 18:21:39,20.4667,94.8833,73.58,46,46,2.89
400,Bairiki,KI,2021-03-19 18:21:39,1.3292,172.9752,80.6,78,75,8.05
401,Okhotsk,RU,2021-03-19 18:21:39,59.3833,143.3,1.49,64,0,15.3
402,Ballina,AU,2021-03-19 18:21:40,-28.8667,153.5667,69.8,94,75,3.44
403,Erdenet,MN,2021-03-19 18:21:40,49.0333,104.0833,13.44,94,100,2.44
404,Adrar,MR,2021-03-19 18:21:40,20.5022,-10.0711,87.51,9,0,8.68
405,Ca Mau,VN,2021-03-19 18:21:41,9.1769,105.15,76.14,88,18,2.86
406,Sambava,MG,2021-03-19 18:21:41,-14.2667,50.1667,79.3,85,98,8.48
407,Rumoi,JP,2021-03-19 18:18:03,43.9344,141.6428,28.38,79,71,2.17
408,Moba,CN,2021-03-19 18:21:41,33.2288,105.0179,32.38,84,100,8.59
409,San Carlos De Bariloche,AR,2021-03-19 18:20:32,-41.1456,-71.3082,70.0,36,20,25.32
410,Silver City,US,2021-03-19 18:21:41,32.7701,-108.2803,62.6,16,1,12.66
411,Zhenjiang,CN,2021-03-19 18:21:42,32.2092,119.4342,48.0,97,100,7.94
412,Manicore,BR,2021-03-19 18:21:42,-5.8092,-61.3003,82.31,69,95,1.1
413,San Vicente,AR,2021-03-19 18:21:42,-26.6167,-54.1333,91.2,30,31,4.0
414,Durban,ZA,2021-03-19 18:21:14,-29.8579,31.0292,77.0,83,75,6.91
415,Villa Carlos Paz,AR,2021-03-19 18:21:43,-31.4241,-64.4978,68.0,78,79,5.01
416,Axim,GH,2021-03-19 18:21:43,4.8699,-2.2405,81.66,72,97,9.13
417,Alekseyevsk,RU,2021-03-19 18:21:43,57.8406,108.3492,15.75,95,97,6.49
418,Portland,US,2021-03-19 18:20:18,45.5234,-122.6762,50.0,66,90,17.27
419,Leeton,AU,2021-03-19 18:21:44,-34.5667,146.4,60.8,72,0,8.05
420,Enid,US,2021-03-19 18:21:44,36.3956,-97.8784,55.4,47,1,3.44
421,George Town,MY,2021-03-19 18:18:04,5.4112,100.3354,80.6,61,20,2.3
422,Terrace Bay,CA,2021-03-19 18:21:45,48.7834,-87.1,37.4,69,20,9.22
423,Shawnee,US,2021-03-19 18:21:45,39.05,-95.7669,52.0,40,1,3.44
424,Barreirinhas,BR,2021-03-19 18:21:45,-2.7469,-42.8264,85.21,67,88,9.35
425,Clyde River,CA,2021-03-19 18:21:46,70.4692,-68.5914,-14.8,76,20,4.61
426,Roma,US,2021-03-19 18:20:03,43.2128,-75.4557,35.01,29,1,11.5
427,Chapleau,CA,2021-03-19 18:21:46,47.8405,-83.4034,46.4,25,1,13.8
428,Benin,BJ,2021-03-19 18:21:46,9.5,2.25,87.87,46,85,12.24
429,Challans,FR,2021-03-19 18:21:47,46.8436,-1.8749,50.0,43,0,12.66
430,Tilbury,GB,2021-03-19 18:21:47,51.4625,0.3586,46.0,72,0,1.01
431,Payo,ID,2021-03-19 18:21:47,-3.7508,103.6372,72.81,97,100,2.01
432,Alyangula,AU,2021-03-19 18:21:48,-13.8483,136.4192,81.73,78,64,8.12
433,Vancouver,CA,2021-03-19 18:21:40,49.2497,-123.1193,50.0,76,90,17.27
434,Lukavac,BA,2021-03-19 18:21:48,44.5334,18.527,35.6,69,20,4.61
435,Kruisfontein,ZA,2021-03-19 18:21:48,-34.0033,24.7314,64.99,89,100,1.99
436,Pasni,PK,2021-03-19 18:21:49,25.2631,63.471,75.07,79,0,2.35
437,Asau,RO,2021-03-19 18:21:49,46.4333,26.4,33.01,69,100,2.13
438,Saint-Joseph,RE,2021-03-19 18:21:49,-21.3667,55.6167,78.8,83,75,13.8
439,Magadan,RU,2021-03-19 18:21:49,59.5667,150.8,-6.7,68,0,6.13
440,Ucluelet,CA,2021-03-19 18:19:34,48.9329,-125.5528,44.01,93,90,9.22
441,Misratah,LY,2021-03-19 18:21:50,32.3754,15.0925,63.7,70,46,11.23
442,Velsk,RU,2021-03-19 18:21:50,61.0701,42.0983,18.45,92,99,5.95
443,Sibolga,ID,2021-03-19 18:21:51,1.7427,98.7792,78.42,87,100,2.51
444,Landeck,AT,2021-03-19 18:21:51,47.1301,10.5636,30.99,46,20,3.44
445,Bihoro,JP,2021-03-19 18:21:51,43.8228,144.1044,28.99,75,19,5.99
446,Atocha,BO,2021-03-19 18:21:52,-20.9333,-66.2333,61.66,28,64,13.2
447,Lagoa,PT,2021-03-19 18:21:52,39.05,-27.9833,59.25,82,57,16.51
448,Santa Ines,BR,2021-03-19 18:21:52,-3.6667,-45.38,83.43,82,86,2.57
449,Urengoy,RU,2021-03-19 18:21:53,65.9667,78.3667,-18.65,96,1,9.08
450,Lithgow,AU,2021-03-19 18:21:53,-33.4833,150.15,55.99,43,100,13.38
451,Staroaleyskoye,RU,2021-03-19 18:21:53,51.0061,82.0,19.71,83,27,5.21
452,Eureka,US,2021-03-19 18:21:53,40.8021,-124.1637,52.0,86,43,8.01
453,Taiyuan,CN,2021-03-19 18:21:54,37.8694,112.5603,35.6,93,28,2.24
454,Lucapa,AO,2021-03-19 18:21:54,-8.4192,20.7447,72.73,72,66,1.77
455,Shenjiamen,CN,2021-03-19 18:21:54,29.9576,122.298,53.38,95,84,6.13
456,Komsomolskiy,UZ,2021-03-19 18:21:55,40.4272,71.7189,55.4,26,90,6.91
457,Tocache,PE,2021-03-19 18:21:55,-8.1842,-76.5125,85.17,63,100,1.32
458,Ranong,TH,2021-03-19 18:19:09,9.9658,98.6348,76.69,88,18,2.77
459,Siocon,PH,2021-03-19 18:21:56,7.7061,122.1353,78.58,83,84,7.23
460,Tongren,CN,2021-03-19 18:21:56,27.7172,109.1853,44.76,91,100,9.08
461,Lasa,IT,2021-03-19 18:21:56,46.6166,10.7002,46.4,46,20,3.44
462,Poum,NC,2021-03-19 18:21:56,-20.2333,164.0167,79.07,75,100,16.17
463,Nahariyya,IL,2021-03-19 18:21:57,33.0059,35.0941,60.8,63,0,5.75
464,Asyut,EG,2021-03-19 18:21:57,27.181,31.1837,71.6,35,0,11.5
465,Biloela,AU,2021-03-19 18:21:57,-24.4167,150.5,69.94,94,80,6.8
466,Tortoli,IT,2021-03-19 18:21:58,39.9256,9.6572,48.2,87,40,4.61
467,Salalah,OM,2021-03-19 18:21:58,17.0151,54.0924,78.8,73,0,3.44
468,Anchorage,US,2021-03-19 18:18:33,61.2181,-149.9003,8.01,92,1,1.39
469,Vanavara,RU,2021-03-19 18:21:58,60.34,102.2797,20.34,92,100,13.06
470,Manggar,ID,2021-03-19 18:21:59,-2.8833,108.2667,79.84,81,33,3.38
471,Kupino,RU,2021-03-19 18:21:25,54.3663,77.2981,21.61,81,99,16.69
472,San Patricio,US,2021-03-19 18:21:59,28.017,-97.5169,69.8,32,20,10.36
473,Gladstone,AU,2021-03-19 18:22:00,-23.85,151.25,75.2,83,40,6.91
474,Kushmurun,KZ,2021-03-19 18:22:00,52.4503,64.6311,33.91,93,100,17.07
475,Fort Nelson,CA,2021-03-19 18:22:00,58.8053,-122.7002,30.2,55,75,11.5
476,Camopi,GF,2021-03-19 18:22:01,3.1655,-52.3158,87.1,54,69,3.42
477,Airai,TL,2021-03-19 18:22:01,-8.9266,125.4092,59.68,90,22,2.37
478,Vitim,RU,2021-03-19 18:22:01,59.4511,112.5578,18.79,95,100,7.05
479,Chifeng,CN,2021-03-19 18:22:02,42.2683,118.9636,33.91,93,100,3.09
480,Guanare,VE,2021-03-19 18:22:02,9.0418,-69.7421,89.6,40,97,10.36
481,Chipinge,ZW,2021-03-19 18:22:02,-20.1883,32.6236,64.85,85,5,5.99
482,Pemba,MZ,2021-03-19 18:22:03,-12.974,40.5178,84.2,79,20,5.75
483,Mayenne,FR,2021-03-19 18:22:03,48.3333,-0.6667,46.4,49,0,14.97
484,Kasongo-Lunda,CD,2021-03-19 18:22:03,-6.4667,16.8167,73.87,91,98,0.47
485,Cabedelo,BR,2021-03-19 18:22:03,-6.9811,-34.8339,86.0,66,40,16.11
486,Mareeba,AU,2021-03-19 18:22:04,-17.0,145.4333,75.2,88,40,8.05
487,The Valley,AI,2021-03-19 18:17:13,18.217,-63.0578,82.4,69,75,17.27
488,Bilibino,RU,2021-03-19 18:22:04,68.0546,166.4372,-22.32,65,79,1.25
489,Rafaela,AR,2021-03-19 18:22:04,-31.2503,-61.4867,79.0,47,82,4.0
490,Weligama,LK,2021-03-19 18:22:05,5.9667,80.4167,77.61,82,100,3.85
491,Samarai,PG,2021-03-19 18:22:05,-10.6167,150.6667,81.99,76,8,8.61
492,Banda Aceh,ID,2021-03-19 18:22:05,5.5577,95.3222,79.99,79,99,3.83
493,Athens,GR,2021-03-19 18:21:52,37.9795,23.7162,57.0,71,20,2.3
494,Tallahassee,US,2021-03-19 18:21:14,30.4383,-84.2807,62.01,44,75,9.22
495,Gouyave,GD,2021-03-19 18:22:06,12.1646,-61.7296,84.2,74,40,20.71
496,Eyl,SO,2021-03-19 18:22:06,7.9803,49.8164,77.92,79,0,14.72
497,Ust-Kuyga,RU,2021-03-19 18:22:06,70.0167,135.6,-4.18,95,100,3.4
498,Lavrentiya,RU,2021-03-19 18:22:06,65.5833,-171.0,-15.92,90,9,5.93
499,Craig,US,2021-03-19 18:22:07,40.5153,-107.5464,51.8,37,1,11.5
500,San Cristobal,VE,2021-03-19 18:22:07,7.7669,-72.225,78.8,83,75,6.91
501,Pakxan,LA,2021-03-19 18:22:07,18.3778,103.6601,81.41,48,17,3.09
502,Kamaishi,JP,2021-03-19 18:22:08,39.2667,141.8833,36.61,69,18,5.53
503,Taltal,CL,2021-03-19 18:22:08,-25.4,-70.4833,68.05,73,52,6.31
504,Port Macquarie,AU,2021-03-19 18:22:08,-31.4333,152.9167,68.0,100,75,12.66
505,Wlodawa,PL,2021-03-19 18:22:09,51.55,23.55,28.99,83,86,3.87
506,Msanga,TZ,2021-03-19 18:22:09,-6.05,36.0333,73.4,73,20,9.22
507,Bataipora,BR,2021-03-19 18:22:09,-22.2953,-53.2711,85.33,61,95,8.3
508,Bela Palanka,RS,2021-03-19 18:22:10,43.2183,22.3111,41.0,56,0,6.91
509,Ahome,MX,2021-03-19 18:22:10,25.9167,-109.1833,78.01,35,1,9.42
510,Mayo,US,2021-03-19 18:22:10,38.8876,-76.5119,48.0,36,1,17.27
511,Rio Gallegos,AR,2021-03-19 18:22:10,-51.6226,-69.2181,53.6,76,75,5.75
512,Sistranda,NO,2021-03-19 18:22:11,63.7256,8.834,42.8,87,75,24.16
513,Foligno,IT,2021-03-19 18:22:11,42.944,12.7011,44.6,49,57,12.66
514,Batsfjord,NO,2021-03-19 18:22:11,70.6345,29.7185,24.8,93,40,43.73
515,Suslovo,RU,2021-03-19 18:22:12,56.2167,88.1167,21.74,89,100,8.99
516,Zhigansk,RU,2021-03-19 18:22:12,66.7697,123.3711,-18.87,91,97,6.82
517,Kunya,NG,2021-03-19 18:22:12,12.2233,8.5325,93.2,22,70,5.75
518,Palmer,US,2021-03-19 18:22:13,42.1584,-72.3287,39.2,19,20,18.41
519,Ukiah,US,2021-03-19 18:17:30,39.1502,-123.2078,53.01,82,20,4.61
520,Oka,CA,2021-03-19 18:22:13,45.4649,-74.0889,32.0,42,0,9.22
521,Luena,AO,2021-03-19 18:22:13,-11.7833,19.9167,65.64,90,82,2.46
522,Ust-Kalmanka,RU,2021-03-19 18:22:13,52.1207,83.305,20.68,84,92,3.02
523,Porto Seguro,BR,2021-03-19 18:22:14,-16.4497,-39.0647,84.2,61,20,12.66
524,Skjervoy,NO,2021-03-19 18:22:14,70.0311,20.9714,42.8,61,75,9.22
525,Algiers,DZ,2021-03-19 18:21:48,36.7525,3.042,53.6,76,75,9.22
526,Micheweni,TZ,2021-03-19 18:22:15,-4.9667,39.8333,81.9,75,71,11.21
527,Bonavista,CA,2021-03-19 18:22:15,48.6499,-53.1147,43.0,100,100,11.5
528,Villiers,ZA,2021-03-19 18:22:15,-27.0303,28.6006,64.49,45,31,5.19
529,Nanyamba,TZ,2021-03-19 18:22:16,-10.6833,39.8333,77.0,94,20,8.05
530,Dzhebariki-Khaya,RU,2021-03-19 18:22:16,62.2167,135.8,0.12,86,99,4.38
531,Presidencia Roque Saenz Pena,AR,2021-03-19 18:22:16,-26.7852,-60.4388,89.01,44,79,1.99
532,Kroya,ID,2021-03-19 18:22:17,-7.6331,109.2461,77.4,85,97,3.76
533,Ilula,TZ,2021-03-19 18:22:17,-7.6766,36.0366,69.8,78,40,3.91
534,Sim,RU,2021-03-19 18:22:17,54.993,57.6982,25.56,95,100,2.3
535,Dingle,PH,2021-03-19 18:22:18,10.9995,122.6711,77.04,85,57,6.13
536,Storforshei,NO,2021-03-19 18:22:18,66.4043,14.5233,28.0,93,75,2.3
537,Vytegra,RU,2021-03-19 18:21:16,61.0064,36.4481,16.79,97,99,4.34
538,Guilin,CN,2021-03-19 18:22:18,25.2819,110.2864,59.0,82,90,11.18
539,Behbahan,IR,2021-03-19 18:18:03,30.5959,50.2417,71.6,35,40,9.22
540,Puerto Leguizamo,CO,2021-03-19 18:22:19,-0.1934,-74.7819,91.02,47,92,5.17
541,Necochea,AR,2021-03-19 18:22:19,-38.5473,-58.7368,73.99,51,0,5.01
542,Ayan,RU,2021-03-19 18:22:19,56.45,138.1667,9.99,69,0,8.21
543,Uyuni,BO,2021-03-19 18:22:20,-20.4597,-66.825,61.7,29,79,13.18
544,Sabang,ID,2021-03-19 18:22:20,5.8933,95.3214,83.52,67,96,5.55
545,Half Moon Bay,US,2021-03-19 18:22:20,37.4636,-122.4286,57.0,100,90,8.14
546,Narodychi,UA,2021-03-19 18:22:21,51.2029,29.0823,32.95,87,100,3.96
547,Evensk,RU,2021-03-19 18:22:21,61.95,159.2333,0.41,79,100,10.71
548,Ancud,CL,2021-03-19 18:22:21,-41.8697,-73.8203,55.99,82,75,5.75
549,Flagstaff,US,2021-03-19 18:21:28,35.1981,-111.6513,61.0,19,1,10.36
550,Chittur,IN,2021-03-19 18:22:22,10.7,76.75,78.8,47,48,3.44
551,Agadir,MA,2021-03-19 18:22:22,30.4202,-9.5982,71.6,46,20,18.41
552,Ust-Nera,RU,2021-03-19 18:22:22,64.5667,143.2,-12.28,95,51,6.76
553,Shubarshi,KZ,2021-03-19 18:22:23,48.5872,57.1869,29.44,94,98,19.84
554,Namibe,AO,2021-03-19 18:22:23,-15.1961,12.1522,73.9,74,88,10.31
555,Manokwari,ID,2021-03-19 18:22:23,-0.8667,134.0833,78.17,80,91,3.22
556,Guarapari,BR,2021-03-19 18:22:23,-20.6667,-40.4975,84.2,65,20,16.11
557,Malartic,CA,2021-03-19 18:22:24,48.1335,-78.1328,37.99,38,75,14.97
558,Solont,RO,2021-03-19 18:22:24,46.55,26.5167,34.0,93,90,5.75
559,Lardos,GR,2021-03-19 18:22:24,36.0942,28.0157,57.99,77,40,3.44
560,Constitucion,CL,2021-03-19 18:18:04,-35.3333,-72.4167,63.01,52,57,7.29
561,Milton,US,2021-03-19 18:22:25,34.1322,-84.3007,60.01,65,17,4.0
562,Port Shepstone,ZA,2021-03-19 18:22:25,-30.7414,30.455,74.75,84,79,12.35
563,Arica,CL,2021-03-19 18:22:25,-18.475,-70.3042,75.2,57,0,13.8
564,Pitkyaranta,RU,2021-03-19 18:22:26,61.5734,31.4792,11.34,90,89,4.14
565,Namtsy,RU,2021-03-19 18:22:26,62.7161,129.6658,5.0,85,0,0.85
566,Klaksvik,FO,2021-03-19 18:22:26,62.2266,-6.589,46.4,87,90,13.8
567,Milkovo,RU,2021-03-19 18:22:26,54.7167,158.6167,20.21,96,100,2.33
568,Gaziantep,TR,2021-03-19 18:22:27,37.0594,37.3825,48.2,81,0,8.05
569,Xining,CN,2021-03-19 18:22:27,36.6167,101.7667,24.31,74,99,3.13
